{"rSquared": 0.993102085608654, "freedom": 4, "fValue": 575.8854223268296}